,surface_id_h3,her
10589,L2A_T58KCD_20230307_8f9e29a53071811,B
17171,L2A_T58KDB_20230910_8f9f5e446b53184,G
15825,L2A_T58KCC_20230814_8f9f5acc3a304aa,B
2585,L2A_T58KDC_20230720_8f9f5e6c06b1643,B
10286,L2A_T58KEB_20230103_8f9f5ec642b202e,B
3599,L2A_T58KDB_20230730_8f9f5e1924c436e,B
8947,L2A_T58KDC_20231117_8f9e2db7501eb03,F
2865,L2A_T58KEB_20230727_8f9f514f4851395,G
4561,L2A_T58KDC_20230809_8f9e2d368cb6a0a,C
1257,L2A_T58KEB_20230428_8f9f5148a05a7a6,E
838,L2A_T58KEB_20230319_8f9f53b6305cc86,G
3693,L2A_T58KDC_20230806_8f9f5e49c926280,F
2867,L2A_T58KEB_20230727_8f9f5178b755246,B
6689,L2A_T58KDC_20230928_8f9e2da622855b1,F
1307,L2A_T58KEC_20230108_8f9f5e591add790,F
594,L2A_T58KEA_20230217_8f9f51c52964d2b,Hors HER
10264,L2A_T58KEB_20230212_8f9f5e52c8628cd,G
9444,L2A_T58KEB_20230103_8f9f53a54b34171,G
2152,L2A_T58KDC_20230710_8f9e2da4a6a8349,F
12901,L2A_T58KFA_20230722_8f9f51cc66d9d70,B
2798,L2A_T58KEB_20230727_8f9f5ed6c79a95e,B
13239,L2A_T58KDC_20230725_8f9f5e69d61eaf6,B
5190,L2A_T58KFA_20230816_8f9f554ee8b3432,E
11642,L2A_T58KDC_20230307_8f9e2db49914cd5,F
18957,L2A_T58KFA_20231030_8f9f5032c601144,E
17113,L2A_T58KEB_20230910_8f9f514ae032b63,E
8088,L2A_T58KDC_20231028_8f9f5ac9c49a76c,C
761,L2A_T58KFA_20230309_8f9f554d0032b23,E
13035,L2A_T58KDC_20230725_8f9f5ad9934a302,C
15269,L2A_T58KEB_20230811_8f9f5ec237ab914,B
8038,L2A_T58KDB_20231018_8f9f5e568a36291,B
7995,L2A_T58KDC_20231018_8f9f5e49d112b2e,F
17483,L2A_T58KEA_20230930_8f9f51cf231289d,B
11309,L2A_T58KEB_20230602_8f9f5e572548108,G
12933,L2A_T58KFA_20230722_8f9f5542145ad15,D
7154,L2A_T58KDB_20230928_8f9f5e56c60d308,B
2510,L2A_T58KDC_20230720_8f9e2db48d5b88d,F
8581,L2A_T58KDC_20231107_8f9e2d36dcd8899,C
16841,L2A_T58KEB_20230910_8f9f5322811c9a1,G
8909,L2A_T58KDC_20231117_8f9f5ada2c7274c,C
17589,L2A_T58KDC_20230923_8f9e2da5512bb41,F
18788,L2A_T58KEB_20231030_8f9f53b01821cec,E
8216,L2A_T58KDC_20231028_8f9f5e69d2c5a09,B
4420,L2A_T58KDB_20230806_8f9f5e5499b3ae2,B
1448,L2A_T58KDB_20230531_8f9f5e19a936b81,B
2735,L2A_T58KEB_20230727_8f9f53b0ed33465,E
18433,L2A_T58KEB_20231020_8f9f53ad9303733,G
8572,L2A_T58KDC_20231107_8f9e2d3484a290d,F
4538,L2A_T58KDC_20230809_8f9e2d26ea93a66,F
13914,L2A_T58KEB_20230801_8f9f53ae4c71a48,G
14695,L2A_T58KFB_20230811_8f9f502e8c08733,E
19757,L2A_T58KGB_20231126_8f9f562f368b945,A
16408,L2A_T58KDC_20230824_8f9f5e7ab782486,B
2568,L2A_T58KDC_20230720_8f9f5e68a91db9b,B
6095,L2A_T58KFB_20230925_8f9f5024cb2b84b,E
18909,L2A_T58KDB_20231030_8f9f5e549c0e98e,B
5265,L2A_T58KFA_20230816_8f9f50a8ddb1229,E
10668,L2A_T58KFA_20230403_8f9f51ca9cd9654,B
5086,L2A_T58KEB_20230816_8f9f53346a59914,G
8546,L2A_T58KCC_20231107_8f9f5a555208894,B
1973,L2A_T58KDB_20230630_8f9f5e5711b6299,G
2478,L2A_T58KDC_20230720_8f9e2da712f2492,F
11095,L2A_T58KCD_20230516_8f9e29aec9b5d52,B
13754,L2A_T58KEB_20230801_8f9f5327013346c,G
5870,L2A_T58KDC_20230918_8f9e2da5c4428da,F
14388,L2A_T58KFA_20230801_8f9f51c1a950c99,B
1482,L2A_T58KEB_20230607_8f9f5148bd8325b,E
14558,L2A_T58KDC_20230804_8f9f5ad856204b1,C
15154,L2A_T58KEB_20230811_8f9f53ac19ab370,G
976,L2A_T58KDC_20230401_8f9e2dac0159683,F
4497,L2A_T58KFA_20230806_8f9f51cc6655c69,B
2334,L2A_T58KEC_20230720_8f9f5e598d9e0d6,F
11627,L2A_T58KCD_20230307_8f9e29aca6b2564,B
9915,L2A_T58KDC_20230202_8f9e2db261620d3,F
7272,L2A_T58KEB_20231005_8f9f514add1061b,G
9735,L2A_T58KEB_20230113_8f9f5ec8446c118,G
1515,L2A_T58KFA_20230607_8f9f50321848a04,E
18471,L2A_T58KEB_20231020_8f9f5ec4138b04b,B
3532,L2A_T58KDB_20230730_8f9f5e71b28094c,B
10799,L2A_T58KEB_20230423_8f9f53b0111e891,E
3331,L2A_T58KDC_20230730_8f9f5ad2234335c,B
10047,L2A_T58KEB_20230202_8f9f5148aaa8b52,E
11301,L2A_T58KFB_20230602_8f9f50240158451,E
16410,L2A_T58KDC_20230824_8f9f5e6106ca576,B
698,L2A_T58KHB_20230306_8f9f568ee50db90,A
14492,L2A_T58KDC_20230804_8f9e2dac0a35adb,F
526,L2A_T58KEA_20230217_8f9f515758d90e3,B
2258,L2A_T58KDC_20230720_8f9f5ad8e0dacb5,C
6538,L2A_T58KDC_20230928_8f9f5acf0283980,B
15669,L2A_T58KDB_20230811_8f9f5eccb648042,B
7904,L2A_T58KDC_20231018_8f9e2db5071e691,F
2932,L2A_T58KEB_20230727_8f9f5155d885b15,B
13977,L2A_T58KEB_20230801_8f9f5ed1b325a10,B
6971,L2A_T58KCC_20230928_8f9f5a54606350a,B
12836,L2A_T58KEC_20230722_8f9f5e5915981b6,F
2225,L2A_T58KFB_20230717_8f9f50256af6403,E
16060,L2A_T58KDC_20230824_8f9f5ad99a5b3a4,C
3104,L2A_T58KEC_20230730_8f9f5e59c0ea0ca,F
15534,L2A_T58KDB_20230811_8f9f5e556852256,G
9533,L2A_T58KDB_20230103_8f9f5e554d5a772,G
10942,L2A_T58KFA_20230503_8f9f51cdc00b00c,B
17496,L2A_T58KDC_20230923_8f9e2d346b15623,F
136,L2A_T58KEB_20230108_8f9f5148a32b834,E
4676,L2A_T58KDC_20230809_8f9f5e6d2a419a6,B
7397,L2A_T58KDC_20231028_8f9f5ad9ad98b24,C
11857,L2A_T58KEB_20230612_8f9f516a439b809,B
16770,L2A_T58KFB_20230910_8f9f50243213d2b,E
19822,L2A_T58KFA_20231129_8f9f50b25d2ca55,D
8786,L2A_T58KDC_20231117_8f9f5ad9eb861aa,C
9499,L2A_T58KEB_20230103_8f9f5154699a1ac,B
16752,L2A_T58KDC_20230910_8f9f5e4d119ac08,F
6935,L2A_T58KDC_20230928_8f9f5e6f5a0d534,B
232,L2A_T58KEB_20230118_8f9f5161d393863,B
17871,L2A_T58KEB_20230930_8f9f51491441ae0,E
5984,L2A_T58KDB_20230918_8f9f5e1aeab1005,B
10939,L2A_T58KDB_20230503_8f9f5e191a23a66,B
19121,L2A_T58KCC_20231102_8f9f5a546336351,B
18646,L2A_T58KFB_20231030_8f9f5026b6eda68,G
15790,L2A_T58KDC_20230814_8f9f5e699962b51,B
15384,L2A_T58KEB_20230811_8f9f53b017a8c26,E
1156,L2A_T58KDB_20230408_8f9f5e19ea967ae,B
2763,L2A_T58KEB_20230727_8f9f53b2ad1242d,E
3311,L2A_T58KDC_20230730_8f9e2db591b3588,F
11846,L2A_T58KEB_20230612_8f9f53b2ace41b6,E
7068,L2A_T58KDB_20230928_8f9f5e55879ab42,G
16193,L2A_T58KDC_20230824_8f9e2da5d36ca1e,F
3962,L2A_T58KEB_20230806_8f9f5e52d01e2c4,G
19196,L2A_T58KGB_20231106_8f9f5283151158a,A
17818,L2A_T58KEB_20230930_8f9f5149a5816f5,E
2931,L2A_T58KEB_20230727_8f9f5154a701a99,B
15764,L2A_T58KDC_20230814_8f9e2d26e19c4b5,F
7293,L2A_T58KEB_20231005_8f9f51551626d21,B
15972,L2A_T58KDC_20230824_8f9e2d36b29cd66,C
13517,L2A_T58KDB_20230725_8f9f5e57204a103,G
506,L2A_T58KDB_20230217_8f9f5e19989ad34,B
76,L2A_T58KDB_20230217_8f9f5ecd80424a9,G
8789,L2A_T58KEC_20230123_8f9f5325e78da9e,G
11364,L2A_T58KEB_20230602_8f9f53b0126c2c6,E
14277,L2A_T58KDC_20231003_8f9f5ad2169db4a,B
9376,L2A_T58KDC_20230809_8f9f5ad2b6456ac,B
3638,L2A_T58KEC_20230806_8f9f5e59eb22ae3,F
17568,L2A_T58KDC_20230923_8f9f5e49d112bac,F
19825,L2A_T58KFA_20231129_8f9f5548b0ded73,D
14140,L2A_T58KEB_20230801_8f9f514b46995a4,E
14385,L2A_T58KFA_20230801_8f9f51ca98712eb,B
15299,L2A_T58KDC_20230824_8f9e2db5d71228a,F
12356,L2A_T58KDB_20230625_8f9f5e19ea89869,B
19219,L2A_T58KGB_20231106_8f9f5291daf2a34,A
3315,L2A_T58KDC_20230730_8f9f5ad0d60b38b,B
1032,L2A_T58KFB_20230408_8f9f5025518ba68,E
2470,L2A_T58KDC_20230720_8f9e2da5d8dab64,F
2807,L2A_T58KEB_20230727_8f9f5ed61b1822e,B
3953,L2A_T58KEB_20230806_8f9f5e576b9ec5a,G
19265,L2A_T58KFB_20231109_8f9f5159ed1a3a5,E
17091,L2A_T58KEA_20230910_8f9f51cc2dae561,B
7207,L2A_T58KEB_20231005_8f9f53b057086c4,E
11735,L2A_T58KCC_20230605_8f9f5a794524682,B
516,L2A_T58KDB_20230217_8f9f5e1a6524cf1,B
8595,L2A_T58KDC_20231107_8f9f5ad9d48056d,C
1074,L2A_T58KEB_20230408_8f9f53b030600db,E
17593,L2A_T58KDC_20230923_8f9e2db2651112d,F
10553,L2A_T58KEB_20230222_8f9f53a700ec204,G
9799,L2A_T58KEB_20230123_8f9f53a2d42cd68,G
9754,L2A_T58KFA_20230113_8f9f554212aec5a,D
2370,L2A_T58KDC_20230720_8f9e2d340c5e64a,F
13381,L2A_T58KDC_20230725_8f9f5e611221ceb,B
18366,L2A_T58KEB_20231020_8f9f5325e041156,G
5377,L2A_T58KDC_20230819_8f9f5ad82d5aa2d,C
894,L2A_T58KEA_20230319_8f9f51cdba99a35,B
4912,L2A_T58KEB_20230816_8f9f53255276a61,G
4994,L2A_T58KDB_20230816_8f9f5e57074b545,G
11979,L2A_T58KFA_20230622_8f9f5030106c91d,E
8856,L2A_T58KDC_20231117_8f9f5ad839036c0,C
2502,L2A_T58KDC_20230720_8f9f5ad2071bd30,B
19839,L2A_T58KEB_20231020_8f9f5ecb0d04950,G
8785,L2A_T58KDC_20231117_8f9f5ad980f070e,C
7766,L2A_T58KDC_20231018_8f9f5ad8398974a,C
9361,L2A_T58KDC_20230809_8f9f5e4993338ca,F
15700,L2A_T58KFA_20230811_8f9f51ca96c02a2,B
15769,L2A_T58KDC_20230814_8f9f5a5460630b1,B
19421,L2A_T58KEB_20231109_8f9f51540d74320,B
6729,L2A_T58KDC_20230928_8f9f5ad09d91372,B
12312,L2A_T58KDC_20230625_8f9f5e6ad65d30e,B
30,L2A_T58KEB_20230826_8f9f5ec2232ed6a,B
7937,L2A_T58KDC_20231018_8f9e2db5908bbab,F
16097,L2A_T58KDC_20230824_8f9f5ad83b6292a,C
14736,L2A_T58KDC_20230811_8f9f5e4d10a9523,F
12769,L2A_T58KEA_20230712_8f9f5155e8ce59e,B
10789,L2A_T58KFB_20230423_8f9f50246033051,E
13252,L2A_T58KDC_20230725_8f9e2db24508c58,F
16171,L2A_T58KDC_20230824_8f9e2da5c4736c1,F
9662,L2A_T58KHB_20230110_8f9f568e4412408,A
5198,L2A_T58KEB_20230816_8f9f53a298d9cf0,G
4853,L2A_T58KDC_20230816_8f9f5e4f22084e1,F
14762,L2A_T58KFB_20230811_8f9f5158c6d9920,G
15734,L2A_T58KFA_20230811_8f9f5540cc2d4ea,D
11726,L2A_T58KDC_20230605_8f9e2db0432251a,F
19715,L2A_T58KDB_20231122_8f9f5e19ca4032c,B
19213,L2A_T58KGB_20231106_8f9f529027b0aec,A
16330,L2A_T58KDC_20230824_8f9f5e6999752ae,B
10441,L2A_T58KEB_20230212_8f9f53b0e7b5209,E
1345,L2A_T58KDC_20230312_8f9e2db732a946e,F
3628,L2A_T58KEC_20230806_8f9e2d965968d4b,F
10761,L2A_T58KEB_20230406_8f9f5ecd13b0b35,G
18024,L2A_T58KDC_20231003_8f9e2da66d84598,F
17495,L2A_T58KDC_20230923_8f9f5ac980ae023,C
17358,L2A_T58KDB_20230910_8f9f5e1aeab1043,B
16034,L2A_T58KDC_20230824_8f9f5ad990eca2e,C
1088,L2A_T58KEB_20230408_8f9f53b0cca8ceb,E
11761,L2A_T58KEB_20230612_8f9f53a724e1670,G
3343,L2A_T58KDC_20230730_8f9f5ad2071ab68,B
5675,L2A_T58KFA_20230826_8f9f51cf4c28983,B
1892,L2A_T58KFB_20230627_8f9f5027311dc71,E
8110,L2A_T58KDC_20231028_8f9f5ad9eb1cd86,C
9818,L2A_T58KDB_20230123_8f9f5e52d9a1483,G
13542,L2A_T58KDB_20230725_8f9f5e0802d9122,B
1536,L2A_T58KFA_20230607_8f9f51c1a493268,B
7984,L2A_T58KDC_20231018_8f9e2db2c52508c,F
17123,L2A_T58KEB_20230910_8f9f5178b236799,B
10439,L2A_T58KEB_20230212_8f9f53b03cb2151,E
13594,L2A_T58KDC_20230801_8f9e2db03b76a41,F
16725,L2A_T58KDC_20230910_8f9f5e4993b1a23,F
7156,L2A_T58KDB_20230928_8f9f5e56dce16b2,B
3930,L2A_T58KEB_20230806_8f9f53255c9c690,G
9307,L2A_T58KFB_20230103_8f9f50241c46351,E
11539,L2A_T58KDB_20230602_8f9f5e19ca40b73,B
5652,L2A_T58KDB_20230826_8f9f5e57408a384,G
8327,L2A_T58KFB_20231104_8f9f5159506b516,E
7749,L2A_T58KDC_20231018_8f9f5ad8a05b882,B
2654,L2A_T58KDB_20230720_8f9f5e55431a675,G
1142,L2A_T58KDB_20230408_8f9f5e508351493,G
5761,L2A_T58KFB_20230915_8f9f50259273ad8,G
17070,L2A_T58KEB_20230910_8f9f5ed613b2014,B
1872,L2A_T58KEA_20230617_8f9f51cc1450308,B
6883,L2A_T58KDC_20230928_8f9e2db75196ba3,F
11444,L2A_T58KEB_20230602_8f9f5178d58129b,B
15230,L2A_T58KEB_20230811_8f9f53a092f4051,G
18739,L2A_T58KEB_20231030_8f9f53a54daa145,G
18554,L2A_T58KFB_20231030_8f9f51496b71342,E
16351,L2A_T58KDC_20230824_8f9e2db4dc4b534,F
17723,L2A_T58KEB_20230930_8f9f53a54c1e82c,G
14361,L2A_T58KDB_20230801_8f9f5e564c0974c,B
7138,L2A_T58KDB_20230928_8f9f5e5440d1b65,G
10151,L2A_T58KFB_20230212_8f9f5024032d215,E
12099,L2A_T58KFB_20230622_8f9f5149694c6de,E
17989,L2A_T58KDC_20231003_8f9e2d26e19e920,F
11398,L2A_T58KEB_20230602_8f9f5ed73ac8b83,B
1255,L2A_T58KEB_20230428_8f9f53b056000a5,E
12224,L2A_T58KCC_20230625_8f9f5a5519332f3,B
6779,L2A_T58KDC_20230928_8f9e2db54a94609,F
5745,L2A_T58KDC_20230908_8f9f5ad09d91af2,B
9102,L2A_T58KEB_20231124_8f9f5e52c244270,G
2909,L2A_T58KEB_20230727_8f9f51714cdc54d,B
18135,L2A_T58KEB_20231010_8f9f5ec23836316,B
11499,L2A_T58KDB_20230602_8f9f5e45598965b,G
2822,L2A_T58KEB_20230727_8f9f514c2c9c9a2,G
12671,L2A_T58KEB_20230712_8f9f5142d906ca9,B
13611,L2A_T58KDC_20230801_8f9e2db26a5cb4c,F
12965,L2A_T58KEC_20230725_8f9f5e598d9cc52,F
12969,L2A_T58KEC_20230725_8f9f5e59eb23ab0,F
15160,L2A_T58KEB_20230811_8f9f5ece6c29d49,G
8739,L2A_T58KDC_20231117_8f9e2d261aebc76,F
2292,L2A_T58KEA_20230717_8f9f51cc144c130,B
12626,L2A_T58KEB_20230712_8f9f5141b0f2059,G
14317,L2A_T58KDB_20230801_8f9f5e5414b2332,G
421,L2A_T58KEB_20230217_8f9f53ac6293561,G
16516,L2A_T58KDB_20230824_8f9f5e475235140,G
8375,L2A_T58KFB_20231104_8f9f5024b95a544,G
15497,L2A_T58KEB_20230811_8f9f5158e975cb0,G
830,L2A_T58KFB_20230319_8f9f5026b340c16,E
19773,L2A_T58KGB_20231129_8f9f562d6b530f4,A
16264,L2A_T58KDC_20230824_8f9e2db54169749,F
12437,L2A_T58KFB_20230712_8f9f502ed24681d,E
19608,L2A_T58KDC_20231122_8f9e2db2055ace2,F
18735,L2A_T58KEB_20231030_8f9f5ec4129b6e6,B
10763,L2A_T58KEC_20230406_8f9f5e5900d4764,F
8599,L2A_T58KDC_20231107_8f9e2da1b84d74d,F
10158,L2A_T58KEA_20230202_8f9f515646cc302,B
3043,L2A_T58KFA_20230727_8f9f508414e2d92,E
1244,L2A_T58KFB_20230428_8f9f5027340ccf5,E
12140,L2A_T58KEB_20230622_8f9f538690de225,E
17339,L2A_T58KDB_20230910_8f9f5e54dca4c84,B
9411,L2A_T58KEB_20230103_8f9f53a22a83728,E
216,L2A_T58KDB_20230118_8f9f5ec75acace2,B
15114,L2A_T58KEB_20230811_8f9f5ecb5d08b4e,G
6005,L2A_T58KEC_20230925_8f9f5e5915b2bae,F
17234,L2A_T58KEB_20230712_8f9f514c2c9c916,G
10787,L2A_T58KFB_20230423_8f9f502592a619a,G
3517,L2A_T58KDB_20230730_8f9f5e6131b3cb3,B
14756,L2A_T58KFB_20230811_8f9f515950edb2b,E
16031,L2A_T58KDC_20230824_8f9f5ad99112289,C
6559,L2A_T58KDC_20230928_8f9f5ad8231098d,C
13739,L2A_T58KFB_20230801_8f9f5030106eda5,E
18509,L2A_T58KHB_20231027_8f9f568ec06d2ac,A
11459,L2A_T58KEB_20230602_8f9f51785aa9176,B
2293,L2A_T58KDC_20230720_8f9f5aca6b998c1,C
14043,L2A_T58KEB_20230801_8f9f53b010ac672,E
14125,L2A_T58KEB_20230801_8f9f514b274270a,E
733,L2A_T58KEB_20230309_8f9f51695ae4281,G
15486,L2A_T58KEB_20230811_8f9f5158e79bd84,G
11613,L2A_T58KEA_20230304_8f9f51cca6e5da1,B
15423,L2A_T58KEB_20230811_8f9f53b2a0ab99b,E
7879,L2A_T58KDC_20231018_8f9e2da46b93691,F
2614,L2A_T58KEB_20230720_8f9f5e5708e2853,G
7023,L2A_T58KDB_20230928_8f9f5e541ccc25b,G
10709,L2A_T58KEA_20230403_8f9f515649623a4,B
9294,L2A_T58KDC_20230103_8f9f5e5992b5c74,F
1374,L2A_T58KEA_20230508_8f9f51544196b1a,B
14192,L2A_T58KEB_20230801_8f9f514a52abd35,G
16658,L2A_T58KDB_20230824_8f9f5e5645249a5,B
8699,L2A_T58KDB_20231107_8f9f5e554a6c490,G
8584,L2A_T58KDC_20231107_8f9e2d36d15bc04,C
16580,L2A_T58KDB_20230824_8f9f5e5720cb0b6,G
1733,L2A_T58KEB_20230617_8f9f5148a0e9359,E
15507,L2A_T58KEB_20230811_8f9f5140c2f4c1c,B
11154,L2A_T58KEB_20230523_8f9f5154669aab2,B
4318,L2A_T58KEB_20230806_8f9f51411aaed88,G
16021,L2A_T58KDC_20230824_8f9f5ad9eb84054,C
2565,L2A_T58KDC_20230720_8f9f5e48a2f425d,F
14053,L2A_T58KEB_20230801_8f9f53b0c58a7b6,E
2530,L2A_T58KDC_20230720_8f9f5e499215332,F
1117,L2A_T58KEB_20230408_8f9f514b258ed89,E
3349,L2A_T58KDC_20230730_8f9e2db43a4634d,F
13689,L2A_T58KFB_20230801_8f9f502433746e2,E
3483,L2A_T58KCC_20230730_8f9f5a794c5bb4a,B
8682,L2A_T58KDC_20231107_8f9f5e6f5b703a6,B
11272,L2A_T58KDC_20230602_8f9e2db04304c1b,F
15389,L2A_T58KEB_20230811_8f9f53b0eb29605,E
2339,L2A_T58KEC_20230720_8f9f5e59e842cb3,F
2680,L2A_T58KEC_20230727_8f9f532c10dd12e,F
5623,L2A_T58KEB_20230826_8f9f5142b601553,B
6360,L2A_T58KEB_20230925_8f9f514133119aa,G
6927,L2A_T58KDC_20230928_8f9f5e6f5b45218,B
1124,L2A_T58KEB_20230408_8f9f5178dc93441,B
5239,L2A_T58KEB_20230816_8f9f516cbc63953,B
15884,L2A_T58KCD_20230824_8f9e29ac1ae0044,B
19347,L2A_T58KEB_20231109_8f9f53b189920d3,E
14207,L2A_T58KEB_20230801_8f9f51411043da9,G
5826,L2A_T58KDC_20230918_8f9e2dac0855cd2,F
16728,L2A_T58KDC_20230910_8f9e2db21162074,F
158,L2A_T58KCC_20230111_8f9f5a5502885ab,B
9568,L2A_T58KEA_20230103_8f9f51563c12391,B
1104,L2A_T58KDB_20230408_8f9f5e198b714f4,B
11818,L2A_T58KEB_20230612_8f9f53b01794a20,E
6910,L2A_T58KDC_20230928_8f9f5e4d8622443,F
8845,L2A_T58KDC_20231117_8f9f5ad8eccda2a,C
6615,L2A_T58KDC_20230928_8f9f5ada0793c14,C
9578,L2A_T58KEA_20230103_8f9f5156078b99c,B
14977,L2A_T58KEB_20230811_8f9f5326b2a4a21,G
208,L2A_T58KDB_20230118_8f9f5ecd9798993,G
8348,L2A_T58KFB_20231104_8f9f5025485664c,E
2669,L2A_T58KDB_20230720_8f9f5e564c8a02c,G
8892,L2A_T58KDC_20231117_8f9e2da189aa813,F
3922,L2A_T58KEB_20230806_8f9f5e52dadcad0,G
6113,L2A_T58KFB_20230925_8f9f5024a675b30,E
19624,L2A_T58KDC_20231122_8f9f5e68a0ce79c,B
1835,L2A_T58KEA_20230617_8f9f5155334a94a,B
18331,L2A_T58KFC_20231020_8f9f522a262bbae,A
19159,L2A_T58KDB_20231102_8f9f5e56dce3371,B
11967,L2A_T58KFA_20230612_8f9f51c562ca6f4,Hors HER
3383,L2A_T58KDC_20230730_8f9e2db20a63780,F
10485,L2A_T58KCD_20230215_8f9e29a5306ca8c,B
2902,L2A_T58KEB_20230727_8f9f517a9a8b4a4,B
4948,L2A_T58KDB_20230816_8f9f5e55548950e,G
16542,L2A_T58KDB_20230824_8f9f5e5588ec6ec,G
4327,L2A_T58KDB_20230806_8f9f5e4745406f0,G
4909,L2A_T58KFB_20230816_8f9f51536da4158,E
9235,L2A_T58KDC_20231127_8f9f5ad082eaae1,B
9220,L2A_T58KDB_20231124_8f9f5ecd376d546,G
10363,L2A_T58KEB_20230212_8f9f514a361a709,E
14406,L2A_T58KFA_20230801_8f9f554eec554a2,E
1743,L2A_T58KEB_20230617_8f9f5141a5462f0,G
9901,L2A_T58KGB_20230130_8f9f52924b160e9,A
14902,L2A_T58KFB_20230811_8f9f51530803158,G
3515,L2A_T58KEB_20230730_8f9f5ecdd46129c,G
10770,L2A_T58KCC_20230406_8f9f5a795c8ea62,B
9250,L2A_T58KDC_20231127_8f9f5e6e2c2e09a,B
10977,L2A_T58KEA_20230503_8f9f51cca0c6905,B
9221,L2A_T58KDB_20231124_8f9f5e56559baca,B
5278,L2A_T58KFA_20230816_8f9f51cc4131d2b,B
9283,L2A_T58KEC_20230103_8f9f5325e04e904,G
15039,L2A_T58KEB_20230811_8f9f5e52d184321,G
2831,L2A_T58KEB_20230727_8f9f514c2b888a3,G
19107,L2A_T58KDC_20231102_8f9f5e7a819e06d,B
4694,L2A_T58KDC_20230809_8f9f5e4d16744d3,F
10433,L2A_T58KEB_20230212_8f9f5ecc539691e,B
7370,L2A_T58KCD_20231008_8f9e29aea791cb3,B
3314,L2A_T58KDC_20230730_8f9e2db513b0401,F
62,L2A_T58KDB_20230806_8f9f5e5490add43,B
9103,L2A_T58KEB_20231124_8f9f5e52dc83606,G
11678,L2A_T58KDC_20230605_8f9e2db2e898ce1,F
16826,L2A_T58KFB_20230910_8f9f51514ca2c36,G
2002,L2A_T58KEB_20230707_8f9f53a54d8880d,G
231,L2A_T58KDC_20230121_8f9f5e7949a29a3,G
15458,L2A_T58KEB_20230811_8f9f5ed6020b432,B
1825,L2A_T58KFA_20230617_8f9f51cc48508e8,B
12227,L2A_T58KDC_20230625_8f9f5ad83a4d38a,C
16883,L2A_T58KEB_20230910_8f9f53340db0c0c,G
14199,L2A_T58KEB_20230801_8f9f5141ecc4516,G
3547,L2A_T58KDB_20230730_8f9f5e555695066,G
5241,L2A_T58KEB_20230816_8f9f516cc92a135,B
14471,L2A_T58KDC_20230804_8f9f5ad981ac6e1,C
2467,L2A_T58KDC_20230720_8f9f5ac2a2cd200,B
695,L2A_T58KHB_20230306_8f9f568ebcf5195,A
11447,L2A_T58KEB_20230602_8f9f517896c1311,B
10831,L2A_T58KEB_20230423_8f9f514b6a53b2e,E
16616,L2A_T58KDB_20230824_8f9f5e546a6e135,G
3696,L2A_T58KDC_20230806_8f9f5e482775306,F
19743,L2A_T58KGB_20231126_8f9f5628b923b06,A
14425,L2A_T58KCC_20230804_8f9f5a794d9c86e,B
10647,L2A_T58KEB_20230403_8f9f53b2ecee8aa,E
9060,L2A_T58KFB_20231124_8f9f5032a6222e6,E
1318,L2A_T58KCD_20230111_8f9e29aec9b58e6,B
10453,L2A_T58KEB_20230212_8f9f53a692594a9,G
10539,L2A_T58KHB_20230219_8f9f5681860a42a,A
16427,L2A_T58KDC_20230824_8f9f5e7a9c294cb,B
19,L2A_T58KEC_20230816_8f9f532cca8d8f6,F
18772,L2A_T58KEB_20231030_8f9f53a412c932a,G
15444,L2A_T58KEB_20230811_8f9f53b208c3d58,E
19562,L2A_T58KDC_20231122_8f9e2da71a96221,F
10033,L2A_T58KEB_20230202_8f9f514b25813a0,E
10263,L2A_T58KEB_20230212_8f9f5ec33389a81,B
16640,L2A_T58KDB_20230824_8f9f5e56e2b33a6,B
4482,L2A_T58KEA_20230806_8f9f51cc59a8101,B
53,L2A_T58KEA_20230408_8f9f515536360e8,B
3372,L2A_T58KDC_20230730_8f9e2db4c09128d,F
4457,L2A_T58KDB_20230806_8f9f5e56515849b,B
11079,L2A_T58KDB_20230506_8f9f5e198c60b0b,B
2411,L2A_T58KDC_20230720_8f9e2dac4503986,F
17968,L2A_T58KDC_20231003_8f9e2db6aa9e052,F
2189,L2A_T58KDC_20230710_8f9f5e68838c2b1,B
2813,L2A_T58KEB_20230727_8f9f514d1d28251,G
18332,L2A_T58KDC_20231013_8f9e2d36d1a55ae,C
3175,L2A_T58KDC_20230730_8f9e2dac1c91b00,F
1184,L2A_T58KFA_20230408_8f9f50b68c620a0,B
4098,L2A_T58KEB_20230806_8f9f5ec22c2e68d,B
1610,L2A_T58KDC_20230610_8f9f5e781ba8325,G
15055,L2A_T58KEB_20230811_8f9f5ecdb8850d6,G
19761,L2A_T58KGA_20231126_8f9f555950660b6,D
15136,L2A_T58KEB_20230811_8f9f53ac2a5baa4,G
6642,L2A_T58KDC_20230928_8f9e2da4a4ab251,F
3394,L2A_T58KDC_20230730_8f9f5e69d098d5d,B
7149,L2A_T58KDB_20230928_8f9f5e5662aaceb,G
14454,L2A_T58KDC_20230804_8f9e2d36daf29b5,C
6845,L2A_T58KDC_20230928_8f9f5e699bb1363,B
16619,L2A_T58KDB_20230824_8f9f5e5446c200c,G
8211,L2A_T58KDC_20231028_8f9f5e69dcce813,B
19143,L2A_T58KDB_20231102_8f9f5e7123ac926,B
3030,L2A_T58KFA_20230727_8f9f51c50458013,Hors HER
8613,L2A_T58KDC_20231107_8f9f5ac2e8cddad,B
3206,L2A_T58KDC_20230730_8f9e2dae2605d80,F
15806,L2A_T58KCC_20230814_8f9f5a796a31a31,B
1265,L2A_T58KDB_20230428_8f9f5e47535d74a,G
8832,L2A_T58KDC_20231117_8f9f5ad82d86d82,C
15694,L2A_T58KFA_20230811_8f9f51cf2312914,B
8178,L2A_T58KDC_20231028_8f9e2da432e98ec,F
6965,L2A_T58KCC_20230928_8f9f5a55520815d,B
1315,L2A_T58KCD_20230111_8f9e29a520c5418,B
1575,L2A_T58KDC_20230610_8f9f5ad80b2c7a4,C
12838,L2A_T58KEC_20230722_8f9f532e831341b,G
19452,L2A_T58KEA_20231109_8f9f51525bae483,B
2758,L2A_T58KEB_20230727_8f9f53b2a701410,E
4555,L2A_T58KDC_20230809_8f9e2d36cc4171a,F
1140,L2A_T58KDB_20230408_8f9f5e47535d766,G
3114,L2A_T58KDC_20230730_8f9e2d268c80daa,F
5644,L2A_T58KDB_20230826_8f9f5e554ca352a,G
16374,L2A_T58KDC_20230824_8f9f5e4db042301,F
15916,L2A_T58KCD_20230824_8f9e29a5044ac25,B
2412,L2A_T58KDC_20230720_8f9f5ad954518b0,C
7806,L2A_T58KDC_20231018_8f9f5ad80b28428,F
6699,L2A_T58KDC_20230928_8f9e2da458f1569,F
4612,L2A_T58KDC_20230809_8f9f5ad998d8a0b,C
1471,L2A_T58KEB_20230607_8f9f53b057a5902,E
6760,L2A_T58KDC_20230928_8f9e2db592640aa,F
19334,L2A_T58KEB_20231109_8f9f5ec4e93495b,B
17351,L2A_T58KDB_20230910_8f9f5e56094bd0c,B
10375,L2A_T58KDB_20230212_8f9f5e47514e01b,G
19324,L2A_T58KEB_20231109_8f9f532cd1705ad,F
12256,L2A_T58KDC_20230625_8f9f5e606351a81,B
9603,L2A_T58KEA_20230103_8f9f51cc66d9942,B
16317,L2A_T58KDC_20230824_8f9f5e499214d8c,F
12471,L2A_T58KEB_20230712_8f9f53ac6293024,G
7274,L2A_T58KEB_20231005_8f9f5178b74b6e0,B
13062,L2A_T58KDC_20230725_8f9f5ad8a022c69,B
1926,L2A_T58KEB_20230627_8f9f53a54d8898c,G
10680,L2A_T58KFA_20230403_8f9f51c507b1a49,Hors HER
840,L2A_T58KEB_20230319_8f9f53ac2b33718,G
4389,L2A_T58KDB_20230806_8f9f5e573db5ac3,G
9994,L2A_T58KEB_20230202_8f9f5ec65d5cba6,B
17178,L2A_T58KDB_20230910_8f9f5e475252c09,G
14236,L2A_T58KEB_20230801_8f9f5140c2f4c76,G
11933,L2A_T58KDB_20230612_8f9f5e198116302,B
15239,L2A_T58KEB_20230811_8f9f53a0886672e,G
8512,L2A_T58KFA_20231104_8f9f51cc532b212,B
19125,L2A_T58KCC_20231102_8f9f5a546061328,B
16041,L2A_T58KDC_20230824_8f9f5ad99a9d4e6,C
9014,L2A_T58KEC_20231124_8f9f5e41471089c,G
11365,L2A_T58KEA_20230612_8f9f5155e9b5d9a,B
2974,L2A_T58KDB_20230727_8f9f5e0b68749a5,B
13899,L2A_T58KEB_20230801_8f9f5ed88a8da69,G
11348,L2A_T58KEB_20230602_8f9f53b0129b69c,E
15912,L2A_T58KCD_20230824_8f9e29ae88da28a,B
18615,L2A_T58KFB_20231030_8f9f5024e8ca0f0,E
9552,L2A_T58KDB_20230103_8f9f5e198a04121,B
3345,L2A_T58KDC_20230730_8f9f5ad2612990d,B
2965,L2A_T58KFB_20230727_8f9f51514c6e729,G
8395,L2A_T58KFB_20231104_8f9f5032b9b5a40,E
1281,L2A_T58KFB_20230508_8f9f50242b1cc13,E
88,L2A_T58KDC_20231008_8f9e2db5593062b,F
8633,L2A_T58KDC_20231107_8f9e2da661196d2,F
10029,L2A_T58KEB_20230202_8f9f53b240c4722,E
924,L2A_T58KEA_20230319_8f9f51cf1b89d76,B
15274,L2A_T58KEB_20230811_8f9f5ec220558ce,B
1219,L2A_T58KEB_20230418_8f9f51484c3624c,E
16952,L2A_T58KEB_20230910_8f9f5ec36996151,B
14247,L2A_T58KEB_20230801_8f9f5144d95a893,B
16539,L2A_T58KDB_20230824_8f9f5e55046545c,G
6375,L2A_T58KEB_20230925_8f9f51588ba5d6b,G
2488,L2A_T58KDC_20230720_8f9e2db591b22ce,F
11176,L2A_T58KFA_20230523_8f9f51c1e98e552,B
16720,L2A_T58KDC_20230910_8f9f5e49d7b410a,F
15607,L2A_T58KDB_20230811_8f9f5e549c8241e,B
6520,L2A_T58KDC_20230928_8f9e2db51af0d90,F
2926,L2A_T58KEB_20230727_8f9f5154e4f56ab,B
10411,L2A_T58KEA_20230212_8f9f51ccea08a86,B
2083,L2A_T58KDB_20230707_8f9f5e56d969530,B
5760,L2A_T58KFB_20230915_8f9f539690cb32d,E
8167,L2A_T58KDC_20231028_8f9f5ac06399764,B
3063,L2A_T58KEA_20230727_8f9f51562c19630,B
1921,L2A_T58KEB_20230627_8f9f5eda96f1c25,B
11621,L2A_T58KFA_20230304_8f9f51cabaedca5,B
7457,L2A_T58KDC_20231008_8f9e2db5088c2da,F
1775,L2A_T58KDB_20230617_8f9f5e573d826a4,G
18925,L2A_T58KDB_20231030_8f9f5e0838b0a92,B
14872,L2A_T58KFB_20230811_8f9f515324e670b,G
8531,L2A_T58KEA_20231104_8f9f515607b2ac0,Hors HER
312,L2A_T58KCC_20230131_8f9f5a794584603,B
11855,L2A_T58KEB_20230612_8f9f53b70843314,E
10865,L2A_T58KDC_20230426_8f9f5e794868456,G
11419,L2A_T58KEB_20230602_8f9f514d5532cdb,G
687,L2A_T58KHB_20230306_8f9f568f3a85cb2,A
8130,L2A_T58KDC_20231028_8f9f5ad83166c29,C
3382,L2A_T58KDC_20230730_8f9e2db2461b8f1,F
7443,L2A_T58KDC_20231008_8f9e2da634c9cc3,F
8056,L2A_T58KHB_20231022_8f9f568e468eb2c,A
6293,L2A_T58KEB_20230925_8f9f53b2a7000a1,E
8345,L2A_T58KFB_20231104_8f9f50254793a6c,E
7173,L2A_T58KEB_20231005_8f9f53b0e0b2bb6,E
10274,L2A_T58KEB_20230212_8f9f53ac295cd31,G
5022,L2A_T58KEB_20230816_8f9f532514894c5,G
12157,L2A_T58KFA_20230622_8f9f5542cd4439c,D
9281,L2A_T58KDC_20230103_8f9f5e482782a56,F
14085,L2A_T58KEB_20230801_8f9f53b559466f0,G
7424,L2A_T58KDC_20231008_8f9e2da1c709a53,F
19087,L2A_T58KDC_20231102_8f9f5e6c0094c44,B
3413,L2A_T58KDC_20230730_8f9f5e68e4e96de,B
18303,L2A_T58KFA_20231010_8f9f51d9484cb80,E
16498,L2A_T58KEB_20230824_8f9f5ecd92ae04a,G
18226,L2A_T58KEB_20231010_8f9f514ce45295e,G
15316,L2A_T58KEB_20230811_8f9f53a72973884,G
7946,L2A_T58KDC_20231018_8f9e2db5934eac0,F
16786,L2A_T58KFB_20230910_8f9f5158149340c,G
4082,L2A_T58KEB_20230806_8f9f5ec054936ea,B
15129,L2A_T58KEB_20230811_8f9f53ac2ab2626,G
1866,L2A_T58KEA_20230617_8f9f51cf3d54d4e,B
6227,L2A_T58KEB_20230925_8f9f53358cf66a9,G
2471,L2A_T58KDC_20230720_8f9e2da4a775085,F
13312,L2A_T58KDC_20230725_8f9f5e480b1e2ca,F
11799,L2A_T58KEB_20230612_8f9f5ecd52a3991,G
1619,L2A_T58KDB_20230610_8f9f5e4764ea1a9,G
3356,L2A_T58KDC_20230730_8f9f5ad208d1a6a,B
15215,L2A_T58KEB_20230811_8f9f5ec06a5dadb,B
16379,L2A_T58KDC_20230824_8f9f5e4de20a796,F
297,L2A_T58KCD_20230131_8f9e29aea718828,B
5257,L2A_T58KFA_20230816_8f9f5032185b869,E
7368,L2A_T58KFA_20231005_8f9f554ca2e6870,E
6988,L2A_T58KEB_20230928_8f9f5e572ab63a0,G
11045,L2A_T58KDC_20230506_8f9f5e6e64e33b4,B
729,L2A_T58KEB_20230309_8f9f5ed345a0808,G
19149,L2A_T58KDB_20231102_8f9f5e710090cee,B
12330,L2A_T58KDC_20230705_8f9f5ad28d4a048,B
8422,L2A_T58KEB_20231104_8f9f53b0e0b2281,E
5730,L2A_T58KDC_20230908_8f9f5ac2a2cd720,B
8456,L2A_T58KEB_20231104_8f9f514c30f3298,G
2341,L2A_T58KCC_20230720_8f9f5a796a224c5,B
15762,L2A_T58KDC_20230814_8f9f5a54658096e,B
14600,L2A_T58KDB_20230804_8f9f5e570291b68,G
1754,L2A_T58KEB_20230617_8f9f517aad94c5e,B
12322,L2A_T58KDC_20230705_8f9f5e69b07069b,B
8473,L2A_T58KDB_20231104_8f9f5e44c643012,B
6103,L2A_T58KFB_20230925_8f9f5025920ac66,G
14534,L2A_T58KDC_20230804_8f9f5ad83a49d28,C
4919,L2A_T58KFB_20230816_8f9f503728cc722,E
9863,L2A_T58KCD_20230126_8f9e29ac1ae18eb,B
16282,L2A_T58KDC_20230824_8f9f5ad26121369,B
1125,L2A_T58KEB_20230408_8f9f517aad9e9ab,B
2968,L2A_T58KFB_20230727_8f9f5153228ec14,G
7396,L2A_T58KDC_20231008_8f9f5a546404ca6,B
2563,L2A_T58KDC_20230720_8f9f5e6d2a45293,B
12487,L2A_T58KEB_20230811_8f9f53b0554d701,E
14379,L2A_T58KFA_20230801_8f9f50a88a63653,E
14382,L2A_T58KFA_20230801_8f9f51cf3748344,B
15003,L2A_T58KEB_20230811_8f9f5334278b75a,G
1509,L2A_T58KFA_20230607_8f9f5030130a36e,E
1796,L2A_T58KDB_20230617_8f9f5e198861a9a,B
5700,L2A_T58KFA_20230826_8f9f5540842962a,D
1472,L2A_T58KEB_20230607_8f9f53b01a70c04,E
187,L2A_T58KDC_20230312_8f9e2db4da2c6a6,F
1238,L2A_T58KFB_20230428_8f9f50254b8ed56,E
181,L2A_T58KDB_20230118_8f9f5e455805ba9,G
2679,L2A_T58KEC_20230727_8f9f532cb3a19a5,F
3949,L2A_T58KEB_20230806_8f9f5e5764b2871,G
6884,L2A_T58KDC_20230928_8f9f5e68e4c9174,B
6540,L2A_T58KDC_20230928_8f9f5aca6322759,C
6104,L2A_T58KFB_20230925_8f9f50251b2e956,E
2355,L2A_T58KCC_20230720_8f9f5a55190670a,B
3478,L2A_T58KCC_20230730_8f9f5a794d9cb2a,B
6256,L2A_T58KEB_20230925_8f9f5e52d2546d2,G
14513,L2A_T58KDC_20230804_8f9f5ad8a770ab3,C
12044,L2A_T58KEB_20230612_8f9f517a9af52a6,B
9574,L2A_T58KEA_20230103_8f9f51563c880ce,B
19614,L2A_T58KDC_20231122_8f9e2db212dd986,F
13197,L2A_T58KDC_20230725_8f9f5ad2046841e,B
7323,L2A_T58KFB_20231005_8f9f50328c56556,E
5390,L2A_T58KDC_20230819_8f9f5ad09d70b6c,B
2267,L2A_T58KEB_20230717_8f9f517aa4e5b61,B
5450,L2A_T58KDC_20230826_8f9f5e49c8f1c25,F
16869,L2A_T58KEB_20230910_8f9f532608a1aad,G
3141,L2A_T58KDC_20230730_8f9f5aca6366935,C
534,L2A_T58KEA_20230217_8f9f51cdb521373,B
10677,L2A_T58KFA_20230403_8f9f51cf4d0d958,B
4139,L2A_T58KEB_20230806_8f9f5ed1a130304,B
3676,L2A_T58KDC_20230806_8f9e2db25246842,F
3371,L2A_T58KDC_20230730_8f9e2db48b44931,F
8735,L2A_T58KDC_20231117_8f9e2d26e718a73,F
19820,L2A_T58KFA_20231129_8f9f55682620785,B
5259,L2A_T58KFA_20230816_8f9f50ad259db8b,E
19666,L2A_T58KEB_20231122_8f9f5ec4055d075,B
10309,L2A_T58KEB_20230103_8f9f53b240c6b70,E
5572,L2A_T58KEB_20230826_8f9f53b02ae1a28,E
15354,L2A_T58KEB_20230811_8f9f53a6848269b,G
15374,L2A_T58KEB_20230811_8f9f53b06d5339d,E
2457,L2A_T58KDC_20230720_8f9f5ac3181a3a1,B
15451,L2A_T58KEB_20230811_8f9f514b2294656,E
1804,L2A_T58KFA_20230617_8f9f50321ba43b4,E
4696,L2A_T58KDC_20230809_8f9f5e4d119acd5,F
6567,L2A_T58KDC_20230928_8f9f5ad806a566c,C
6738,L2A_T58KDC_20230928_8f9f5ad09d12ae6,B
2026,L2A_T58KEB_20230707_8f9f53b2acf60db,E
18759,L2A_T58KEB_20231030_8f9f53a0d840c08,G
4320,L2A_T58KEB_20230806_8f9f517aa21e558,B
17177,L2A_T58KDB_20230910_8f9f5e471b25b70,G
11322,L2A_T58KEB_20230602_8f9f5ec36996085,B
949,L2A_T58KEB_20230329_8f9f53b1858b283,E
10279,L2A_T58KEB_20230212_8f9f53ac2ae596c,G
2812,L2A_T58KEB_20230727_8f9f539690dac2a,E
1461,L2A_T58KFB_20230607_8f9f5025087215c,E
16541,L2A_T58KDB_20230824_8f9f5e550c4ecc0,G
2573,L2A_T58KDC_20230720_8f9f5e688236cec,B
15315,L2A_T58KEB_20230811_8f9f53a22a092b6,E
8351,L2A_T58KFB_20231104_8f9f5025c358934,E
10392,L2A_T58KFA_20230212_8f9f51c562ca6ca,Hors HER
11357,L2A_T58KEB_20230602_8f9f53b001b144d,E
18454,L2A_T58KEB_20231020_8f9f53ae41024ec,G
7949,L2A_T58KDC_20231018_8f9e2db50b4ec13,F
582,L2A_T58KEA_20230217_8f9f51cce028945,B
5046,L2A_T58KEB_20230816_8f9f53228ac2d91,G
909,L2A_T58KEA_20230319_8f9f51cc66dd699,B
3633,L2A_T58KEC_20230806_8f9f532c10dd8b0,F
958,L2A_T58KCD_20230401_8f9e29aea7967b2,B
177,L2A_T58KDB_20230118_8f9f5e455ab69a2,G
16849,L2A_T58KEB_20230910_8f9f532708c17a2,G
4335,L2A_T58KDB_20230806_8f9f5e55a8d308a,G
1128,L2A_T58KEB_20230408_8f9f5155870ec8e,B
12509,L2A_T58KEB_20230712_8f9f5ecb2ac6d9b,G
10130,L2A_T58KEA_20230202_8f9f51555b6ccf4,B
282,L2A_T58KGB_20230125_8f9f5628832e136,A
18961,L2A_T58KFA_20231030_8f9f50ad259c80a,E
9385,L2A_T58KEB_20230103_8f9f5334b809d70,G
19222,L2A_T58KGB_20231106_8f9f529022b31a0,A
16621,L2A_T58KDB_20230824_8f9f5e57021e50e,G
2030,L2A_T58KEB_20230707_8f9f53b23672b06,E
14082,L2A_T58KEB_20230801_8f9f53b0512d2ce,E
19612,L2A_T58KDC_20231122_8f9e2db21605b48,F
3428,L2A_T58KDC_20230730_8f9e2db6eb4d470,F
4414,L2A_T58KDB_20230806_8f9f5e54098a86b,G
12046,L2A_T58KEB_20230612_8f9f514216f68a3,B
6282,L2A_T58KEB_20230925_8f9f53b45593a76,G
13668,L2A_T58KFB_20230801_8f9f51591ba2d8c,E
10005,L2A_T58KEB_20230202_8f9f53b05668569,E
5567,L2A_T58KEB_20230826_8f9f53a29d1d904,G
13540,L2A_T58KDB_20230725_8f9f5e56e66ec68,B
9532,L2A_T58KDB_20230103_8f9f5e52c951b65,G
17941,L2A_T58KDC_20231003_8f9f5ad2076ab62,B
4955,L2A_T58KDB_20230816_8f9f5e5556b5d76,G
7263,L2A_T58KEB_20231005_8f9f514a90d5c9a,G
8281,L2A_T58KGB_20231101_8f9f5291518b982,A
18691,L2A_T58KFB_20231030_8f9f5032e60e408,E
19519,L2A_T58KEC_20231122_8f9f5e59c148036,F
7827,L2A_T58KDC_20231018_8f9f5ada225ac46,C
13554,L2A_T58KDB_20230725_8f9f5e56515bc33,B
9764,L2A_T58KEB_20230123_8f9f5ecd124a1a6,G
2590,L2A_T58KDC_20230720_8f9f5e6ad65a39b,B
15604,L2A_T58KDB_20230811_8f9f5e5700c1b4b,G
5223,L2A_T58KEB_20230816_8f9f5148bcb2500,E
11328,L2A_T58KEB_20230602_8f9f53a0581640b,E
14538,L2A_T58KDC_20230804_8f9f5ad83b0d2c1,C
14415,L2A_T58KEA_20230801_8f9f5156b4ee468,B
5237,L2A_T58KEB_20230816_8f9f516cbc2a528,B
3353,L2A_T58KDC_20230730_8f9e2db23918122,F
18418,L2A_T58KEB_20231010_8f9f514a332d776,E
7245,L2A_T58KEB_20231005_8f9f5148b46d88c,E
2454,L2A_T58KDC_20230720_8f9e2da593ab426,F
15688,L2A_T58KFA_20230811_8f9f50ad259dd62,E
1398,L2A_T58KEB_20230508_8f9f53b2e7a920b,E
5587,L2A_T58KEB_20230826_8f9f5ed40acd310,B
2073,L2A_T58KDB_20230707_8f9f5e554a68d25,G
14548,L2A_T58KDC_20230804_8f9f5ad802ecbaa,C
13110,L2A_T58KDC_20230725_8f9f5ada05b0624,C
13862,L2A_T58KEB_20230801_8f9f5eca6456a5e,G
2641,L2A_T58KDB_20230720_8f9f5e55b170cd3,G
13525,L2A_T58KDB_20230725_8f9f5e5711b2903,G
4054,L2A_T58KEB_20230806_8f9f5ec14cd6952,G
8663,L2A_T58KDC_20231107_8f9f5e68aab3aee,B
147,L2A_T58KDC_20230111_8f9f5ad2e341846,B
12121,L2A_T58KFB_20230622_8f9f502ed058964,E
15499,L2A_T58KEB_20230811_8f9f51411334948,G
19310,L2A_T58KFB_20231109_8f9f5022802550c,E
1468,L2A_T58KEB_20230607_8f9f53b00d6d018,E
14765,L2A_T58KFB_20230811_8f9f502ed02b8ec,E
17784,L2A_T58KFB_20230930_8f9f5025c942321,E
15773,L2A_T58KDC_20230814_8f9f5ad81484483,C
18546,L2A_T58KDC_20231030_8f9f5e49d09cd22,F
1530,L2A_T58KFA_20230607_8f9f51cc4c6c6e1,B
8474,L2A_T58KDB_20231104_8f9f5e5411aa731,G
13650,L2A_T58KDC_20230801_8f9f5e4d1398305,F
9502,L2A_T58KEB_20230103_8f9f5157130d905,B
8289,L2A_T58KGB_20231101_8f9f52915bb4345,A
8078,L2A_T58KDC_20231028_8f9e2d26a8ca92d,F
3000,L2A_T58KFA_20230727_8f9f51cc20d1319,B
7861,L2A_T58KDC_20231018_8f9f5ac2a2cd580,B
14103,L2A_T58KEB_20230801_8f9f53b215644b2,E
2621,L2A_T58KEB_20230720_8f9f5ecdeadca92,G
8125,L2A_T58KDC_20231028_8f9f5ad83b1abb2,C
1401,L2A_T58KEB_20230508_8f9f53b26af60a1,E
2494,L2A_T58KDC_20230720_8f9e2db5d4610b5,F
7386,L2A_T58KEC_20231008_8f9f5e59ea73596,F
7297,L2A_T58KFB_20231005_8f9f5025388d66c,E
4930,L2A_T58KDB_20230816_8f9f5e552980b0e,G
2529,L2A_T58KDC_20230720_8f9f5ad2400d916,B
16185,L2A_T58KDC_20230824_8f9e2da55c5b732,F
19779,L2A_T58KFB_20231129_8f9f514b254c8d6,E
18663,L2A_T58KFB_20231030_8f9f50308896611,E
3574,L2A_T58KDB_20230730_8f9f5e5700e20c9,G
1816,L2A_T58KFA_20230617_8f9f51ca861d61a,B
15880,L2A_T58KDB_20230814_8f9f5e570206486,G
11389,L2A_T58KEB_20230602_8f9f53b058134d4,E
14719,L2A_T58KDC_20230811_8f9f5e4d2c098f1,F
9931,L2A_T58KFB_20230202_8f9f502548096cd,E
4308,L2A_T58KEB_20230806_8f9f51411073424,G
13363,L2A_T58KCC_20230725_8f9f5a795c8d064,B
15441,L2A_T58KEB_20230811_8f9f53b26af6c9e,E
18914,L2A_T58KDB_20231030_8f9f5e549d5cd4c,B
18873,L2A_T58KDB_20231030_8f9f5e55879aaeb,G
8810,L2A_T58KDC_20231117_8f9f5ad9936d2ea,C
1755,L2A_T58KEB_20230617_8f9f517a3648763,B
12593,L2A_T58KEB_20230712_8f9f514b4699ca8,E
15334,L2A_T58KEB_20230811_8f9f5ec2d4416c3,B
11461,L2A_T58KEB_20230602_8f9f517aa21e0a4,B
19660,L2A_T58KDC_20231122_8f9f5e63610cab4,B
8364,L2A_T58KFB_20231104_8f9f5027379e632,E
2195,L2A_T58KCC_20230710_8f9f5a796af5d42,B
13215,L2A_T58KDC_20230725_8f9e2db2e89852d,F
3948,L2A_T58KEB_20230806_8f9f5e50db3142c,G
6172,L2A_T58KFB_20230925_8f9f51532685259,G
4636,L2A_T58KDC_20230809_8f9e2da5bcca330,C
13684,L2A_T58KFB_20230801_8f9f50254c637ae,E
6443,L2A_T58KCD_20230928_8f9e29aecd23d43,B
16312,L2A_T58KDC_20230824_8f9f5e699b844cd,B
3115,L2A_T58KDC_20230730_8f9e2d26e108acc,F
1211,L2A_T58KFB_20230418_8f9f502592a6aca,G
10598,L2A_T58KGA_20230311_8f9f54af34d9d00,D
311,L2A_T58KDC_20230131_8f9e2db0c5046e9,F
1189,L2A_T58KEA_20230408_8f9f5157515c982,B
15463,L2A_T58KEB_20230811_8f9f516d9d83ae5,B
17800,L2A_T58KFB_20230930_8f9f51514cb5011,G
1243,L2A_T58KFB_20230428_8f9f50273413cf4,E
7477,L2A_T58KDC_20231008_8f9e2db26511392,F
12503,L2A_T58KEB_20230712_8f9f53b52a95905,G
19315,L2A_T58KEB_20231109_8f9f5148b4e4a02,E
13832,L2A_T58KEB_20230801_8f9f5ecd8d7020e,G
2363,L2A_T58KDC_20230720_8f9e2d268d82425,F
14315,L2A_T58KDB_20230801_8f9f5e57029a462,G
965,L2A_T58KCD_20230401_8f9e29a526d3b40,B
4527,L2A_T58KDC_20230809_8f9e2d26e1aa866,F
6169,L2A_T58KFB_20230925_8f9f51514ce5b94,G
18624,L2A_T58KFB_20231030_8f9f5024015c5b4,E
4361,L2A_T58KDB_20230806_8f9f5e550ba1636,G
7539,L2A_T58KDC_20231008_8f9f5e6e64ea94d,B
1516,L2A_T58KFA_20230607_8f9f5032186d6da,E
5964,L2A_T58KDC_20230918_8f9f5e61549e30d,B
8565,L2A_T58KDC_20231107_8f9f5a550950570,B
3095,L2A_T58KEC_20230730_8f9f5e4a2530428,F
9403,L2A_T58KEB_20230103_8f9f53a54b887a3,G
19882,L2A_T58KEB_20231020_8f9f5ecb69414dd,G
7863,L2A_T58KDC_20231018_8f9f5ac2a191336,B
7826,L2A_T58KDC_20231018_8f9f5ada2392625,C
7905,L2A_T58KDC_20231018_8f9e2da74b68373,F
8469,L2A_T58KEB_20231104_8f9f5178512ad6c,B
16116,L2A_T58KDC_20230824_8f9e2da190cb560,F
3585,L2A_T58KDB_20230730_8f9f5e545b1bd99,G
7024,L2A_T58KEB_20230928_8f9f5ecd12ca6ed,G
14707,L2A_T58KDC_20231122_8f9f5e68ac55a9b,B
740,L2A_T58KEB_20230309_8f9f5161da2bb23,B
11278,L2A_T58KFB_20230602_8f9f502ed25464a,E
17697,L2A_T58KEB_20230930_8f9f53ae4106385,G
13261,L2A_T58KDC_20230725_8f9e2db7561478a,F
10186,L2A_T58KEA_20230202_8f9f51cc8d16cc2,B
4605,L2A_T58KDC_20230809_8f9f5ad91026c9e,C
104,L2A_T58KDC_20230101_8f9f5e61159d852,B
6909,L2A_T58KDC_20230928_8f9f5e688280489,B
4270,L2A_T58KEB_20230806_8f9f514c66a880b,G
12986,L2A_T58KDC_20230725_8f9e2d34056d846,F
8484,L2A_T58KDB_20231104_8f9f5e5645605b1,B
2842,L2A_T58KEB_20230727_8f9f514f4caa519,G
7552,L2A_T58KCC_20231008_8f9f5a794584640,B
6191,L2A_T58KFB_20230925_8f9f5026b39280b,E
6206,L2A_T58KFB_20230925_8f9f51530942281,G
14691,L2A_T58KDC_20230811_8f9e2db21276c5a,F
120,L2A_T58KDC_20230108_8f9f5e4d159135e,F
3784,L2A_T58KEB_20230607_8f9f5e5725717b3,G
6684,L2A_T58KDC_20230928_8f9e2da4c5320ea,F
3152,L2A_T58KDC_20230730_8f9f5ad9808bc2c,C
17250,L2A_T58KDB_20230910_8f9f5e55039a38a,G
18000,L2A_T58KDC_20231003_8f9e2d3408ae040,F
12551,L2A_T58KEB_20230712_8f9f53b03869743,E
361,L2A_T58KGB_20230214_8f9f56288ace149,A
19521,L2A_T58KDC_20231122_8f9e2d26a894a25,F
8534,L2A_T58KEA_20231104_8f9f51cce410599,B
18147,L2A_T58KEB_20231010_8f9f53b0315cad0,E
1561,L2A_T58KEA_20230607_8f9f51cca95bcf4,B
16629,L2A_T58KDB_20230824_8f9f5e540b5951d,G
4347,L2A_T58KDB_20230806_8f9f5e5560a1504,G
6382,L2A_T58KDB_20230925_8f9f5e47483076c,G
18913,L2A_T58KDB_20231030_8f9f5e54102aae2,G
15257,L2A_T58KEB_20230811_8f9f53a54d0c3a3,G
8243,L2A_T58KCC_20231028_8f9f5a54245a99b,B
15173,L2A_T58KEB_20230811_8f9f5ed88af648a,G
10853,L2A_T58KDC_20230426_8f9f5e69b91ea03,B
18717,L2A_T58KEB_20231030_8f9f5e572a01b14,G
18017,L2A_T58KDC_20231003_8f9e2da669acaca,F
5081,L2A_T58KEB_20230816_8f9f5334076acd5,G
18964,L2A_T58KFA_20231030_8f9f51cf20f24c5,B
5191,L2A_T58KEB_20230816_8f9f53b184a0d03,E
19175,L2A_T58KGC_20231106_8f9f52816ad42d1,A
11233,L2A_T58KCD_20230526_8f9e29aec3b6bab,B
4342,L2A_T58KDB_20230806_8f9f5e55672a013,G
8002,L2A_T58KDC_20231018_8f9f5e4db106460,F
13011,L2A_T58KDC_20230725_8f9f5aca6333281,C
15905,L2A_T58KCD_20230824_8f9e29aea145265,B
8894,L2A_T58KDC_20231117_8f9e2da1c29db69,F
15693,L2A_T58KFA_20230811_8f9f51cd4934071,B
12974,L2A_T58KDC_20230725_8f9e2d26e049983,F
18882,L2A_T58KDB_20231030_8f9f5e554af070c,G
4101,L2A_T58KEB_20230806_8f9f5ed1aa85ac9,B
5524,L2A_T58KEB_20230826_8f9f5ec02175301,B
10078,L2A_T58KDB_20230202_8f9f5e55d0c1c65,G
6098,L2A_T58KFB_20230925_8f9f5025058b775,E
6994,L2A_T58KEB_20230928_8f9f5e57659e70e,G
3445,L2A_T58KDC_20230730_8f9f5e6a821d525,B
6905,L2A_T58KDC_20230928_8f9f5e482d6a7ab,F
11350,L2A_T58KEB_20230602_8f9f5ec60920b61,B
6650,L2A_T58KDC_20230928_8f9e2da5dd0ca1b,F
3391,L2A_T58KDC_20230730_8f9e2db7561255e,F
1789,L2A_T58KDB_20230617_8f9f5e1982022de,B
570,L2A_T58KEA_20230217_8f9f51cca954d4b,B
11946,L2A_T58KFA_20230612_8f9f5032186991e,E
14046,L2A_T58KEB_20230801_8f9f5ec643aaa49,B
19554,L2A_T58KDC_20231122_8f9e2da71714918,F
1165,L2A_T58KFA_20230408_8f9f51cdc12a995,B
4564,L2A_T58KDC_20230809_8f9e2d36d02a833,C
13638,L2A_T58KDC_20230801_8f9f5e48a246b76,F
10159,L2A_T58KEA_20230202_8f9f51cd9cf1cd5,B
5522,L2A_T58KEB_20230826_8f9f5ec0289d2d8,B
6537,L2A_T58KDC_20230928_8f9f5ad9ab2e418,C
1507,L2A_T58KDB_20230607_8f9f5e546ab156c,G
4545,L2A_T58KDC_20230809_8f9e2d36a321520,C
5690,L2A_T58KFA_20230826_8f9f51d22741b1c,B
2224,L2A_T58KFB_20230717_8f9f5158c70e096,G
16205,L2A_T58KDC_20230824_8f9e2da432358ad,F
6999,L2A_T58KEB_20230928_8f9f5e570506a94,G
8689,L2A_T58KDB_20231107_8f9f5e56a813ccb,B
1640,L2A_T58KDB_20230610_8f9f5e198c73902,B
9933,L2A_T58KFB_20230202_8f9f50254b1028b,E
5085,L2A_T58KEB_20230816_8f9f533490d3175,G
8377,L2A_T58KFB_20231104_8f9f5026ba6e8f4,E
17047,L2A_T58KEB_20230910_8f9f53b0079c4a6,E
11432,L2A_T58KEB_20230602_8f9f5178b755c52,B
7046,L2A_T58KDB_20230928_8f9f5e6348324a5,B
19480,L2A_T58KFA_20231119_8f9f51d2ab83d04,B
1094,L2A_T58KEB_20230408_8f9f53b01b36c66,E
12281,L2A_T58KDC_20230625_8f9f5e69dcc88c9,B
3439,L2A_T58KDC_20230730_8f9f5e6c06b1504,B
14101,L2A_T58KEB_20230801_8f9f51496aac088,E
15782,L2A_T58KDC_20230814_8f9f5ac21554253,B
566,L2A_T58KCD_20230710_8f9e29a526e84a2,B
7113,L2A_T58KDB_20230928_8f9f5e572225cc2,G
8536,L2A_T58KEA_20231104_8f9f51cc10d414b,B
10311,L2A_T58KEB_20230103_8f9f51695a74373,G
5635,L2A_T58KDB_20230826_8f9f5e5500e4b55,G
9311,L2A_T58KFB_20230103_8f9f502418b0193,E
19282,L2A_T58KFB_20231109_8f9f515953b578b,E
6081,L2A_T58KFB_20230925_8f9f502404cb219,E
13262,L2A_T58KDC_20230725_8f9e2db219a0851,F
15883,L2A_T58KDB_20230814_8f9f5e570d29b5c,G
11211,L2A_T58KEA_20230523_8f9f515758d4666,B
8118,L2A_T58KDC_20231028_8f9f5ad98949b80,C
19431,L2A_T58KFA_20231109_8f9f51cc535a950,B
3657,L2A_T58KDC_20230806_8f9e2db2e9aa6d4,F
8146,L2A_T58KDC_20231028_8f9f5ad8e991614,C
13753,L2A_T58KEB_20230801_8f9f532296a82f3,G
6508,L2A_T58KDC_20230928_8f9f5a554319a09,B
2944,L2A_T58KFB_20230727_8f9f50254c75150,E
10442,L2A_T58KEB_20230212_8f9f53b03ce3d5c,E
16217,L2A_T58KDC_20230824_8f9e2da4cd58b00,F
10172,L2A_T58KEA_20230202_8f9f51cca8f42f2,B
16443,L2A_T58KCC_20230824_8f9f5a7940262aa,B
1078,L2A_T58KEB_20230408_8f9f53b014e1669,E
9002,L2A_T58KGC_20231124_8f9f5212596e552,A
13637,L2A_T58KDC_20230801_8f9f5e48b496b91,F
681,L2A_T58KHB_20230306_8f9f568d6046cd5,A
12789,L2A_T58KCD_20230715_8f9e29a5276c1b3,B
7919,L2A_T58KDC_20231018_8f9e2da66db12e1,F
10262,L2A_T58KEB_20230212_8f9f5e52c8f38e0,G
15895,L2A_T58KCD_20230824_8f9e29acc622431,B
16020,L2A_T58KDC_20230824_8f9f5ad9971bcb4,C
18296,L2A_T58KFA_20231010_8f9f51c1a4a6a48,B
8693,L2A_T58KDB_20231107_8f9f5e5554d48ce,G
11859,L2A_T58KEB_20230612_8f9f514d5532cce,G
15007,L2A_T58KEB_20230811_8f9f5e50db31410,G
5133,L2A_T58KEB_20230816_8f9f5ed9b28b6d8,G
8230,L2A_T58KDC_20231028_8f9f5e482c68a65,F
7039,L2A_T58KDB_20230928_8f9f5e631b4ad94,B
3454,L2A_T58KDC_20230730_8f9f5e6ad78a851,B
18223,L2A_T58KGB_20231106_8f9f5291d69a636,A
863,L2A_T58KFA_20230319_8f9f51caa8e54a4,B
7273,L2A_T58KEB_20231005_8f9f51612d00c29,B
4464,L2A_T58KEA_20230806_8f9f51cd9504bb3,B
2526,L2A_T58KDC_20230720_8f9f5e69d7a4873,B
19728,L2A_T58KGB_20231126_8f9f529150202e3,A
8614,L2A_T58KDC_20231107_8f9e2da46b92b69,F
19410,L2A_T58KEB_20231109_8f9f517a9cc8a6b,B
4717,L2A_T58KCC_20230809_8f9f5a5466a8d58,B
2648,L2A_T58KDB_20230720_8f9f5e55c41b864,G
15087,L2A_T58KEB_20230811_8f9f53369d5945c,G
1067,L2A_T58KEB_20230408_8f9f53ac6290665,G
15852,L2A_T58KDB_20230814_8f9f5e5722268cc,G
6822,L2A_T58KDC_20230928_8f9f5ad20232896,B
15347,L2A_T58KEB_20230811_8f9f53a4da2512b,G
3360,L2A_T58KDC_20230730_8f9f5ad2082a456,B
16920,L2A_T58KEB_20230910_8f9f53ac2b9325a,G
5996,L2A_T58KEC_20230925_8f9f5e482d71a50,F
6031,L2A_T58KDC_20230925_8f9e2db26d9c01b,F
19802,L2A_T58KFB_20231129_8f9f51534b318d6,G
10678,L2A_T58KFA_20230403_8f9f51c562ca673,Hors HER
13018,L2A_T58KDC_20230725_8f9f5ad99700588,C
2075,L2A_T58KDB_20230707_8f9f5e57200862b,G
18077,L2A_T58KEB_20231010_8f9f53ac28ce4e2,G
7650,L2A_T58KCD_20231018_8f9e29aecd23d4e,B
197,L2A_T58KDB_20230118_8f9f5e47535c495,G
8037,L2A_T58KDB_20231018_8f9f5e0b1c21755,B
11332,L2A_T58KEB_20230602_8f9f53b0e7a2d8e,E
11815,L2A_T58KEB_20230612_8f9f53b0ea8e819,E
10074,L2A_T58KDB_20230202_8f9f5e55d05101e,G
7592,L2A_T58KDB_20231008_8f9f5e631b6cd03,B
5499,L2A_T58KEB_20230826_8f9f533441488d1,G
17472,L2A_T58KDC_20230923_8f9f5ad9ad93a92,C
5738,L2A_T58KDC_20230908_8f9f5ac0cd63c93,B
12811,L2A_T58KCC_20230715_8f9f5a79686ea82,B
1139,L2A_T58KDB_20230408_8f9f5e47502d496,G
14523,L2A_T58KDC_20230804_8f9f5ad8e4c202e,C
15099,L2A_T58KEB_20230811_8f9f5ecb192a85b,G
10332,L2A_T58KEB_20230212_8f9f53a26303230,E
5033,L2A_T58KEB_20230816_8f9f53246a02d80,G
11257,L2A_T58KCC_20230526_8f9f5a551700d5b,B
7471,L2A_T58KDC_20231008_8f9e2db7344d46e,F
18453,L2A_T58KEB_20231020_8f9f53ae406e705,G
6037,L2A_T58KDC_20230925_8f9e2db202738e6,F
4330,L2A_T58KDB_20230806_8f9f5e51bd20d69,G
5497,L2A_T58KEB_20230826_8f9f5336295c41b,G
13735,L2A_T58KFB_20230801_8f9f51530c16218,G
17124,L2A_T58KEB_20230910_8f9f516ea2831b3,B
5276,L2A_T58KDC_20230918_8f9e2da712898d0,F
6170,L2A_T58KFB_20230925_8f9f51514d1698e,G
13242,L2A_T58KDC_20230725_8f9e2db48b6228a,B
6659,L2A_T58KDC_20230928_8f9e2da437ac620,F
6073,L2A_T58KFB_20230925_8f9f5158e4a12f3,E
19322,L2A_T58KFB_20231109_8f9f5032eaa1666,E
321,L2A_T58KEC_20230131_8f9f5e4b4a06932,F
17827,L2A_T58KEB_20230930_8f9f514a3374626,E
